person,role,advisors,source,confidence,notes,status,evidence_url,second_url,checked,check_note
Reza Esfandiarpoor,phd,Stephen Bach,https://cs.brown.edu/people/sbach/,confirmed,,unclear,https://reza.website/,https://cs.brown.edu/people/sbach/,2026-09-30,"Bach page and own site say PhD candidate, but absent from Brown CS grad directory; profile page now 404."
Yeganeh Kordi,phd,Stephen Bach,https://cs.brown.edu/people/sbach/,confirmed,,current,https://cs.brown.edu/people/grad/,https://cs.brown.edu/people/sbach/,2026-09-30,In Brown CS doctoral directory and Bach page; own site says PhD student.
Aidan LaBella,phd,Stephen Bach,https://cs.brown.edu/people/sbach/,confirmed,,current,https://sites.brown.edu/poberlab/people/,https://cs.brown.edu/people/grad/,2026-09-30,"In Brown CS doctoral directory; listed current in Pober lab (PhD, Computer Science)."
Francisco Piedrahita-Velez,phd,Stephen Bach;Michael Littman,https://cs.brown.edu/people/sbach/,confirmed,listed co-advised with Littman,current,https://cs.brown.edu/people/grad/,https://fpiedrah.com/,2026-09-30,In Brown CS doctoral directory; works with Bach and Littman per homepage.
Max Zuo,phd,Stephen Bach;Michael Littman,https://cs.brown.edu/people/sbach/,confirmed,listed co-advised with Littman,current,https://cs.brown.edu/people/grad/,https://maxz.ai/,2026-09-30,In Brown CS doctoral directory; co-advised by Littman and Bach per homepage.
Charlie Duong,undergrad,Stephen Bach,https://cs.brown.edu/people/sbach/,confirmed,listed under 'Master's and Undergrad Students' (level not split),current,https://cs.brown.edu/people/ugrad/,https://cduong.dev/,2026-09-30,In Brown CS undergrad directory; site says CS and Math at Brown; concurrent BS/MS per LinkedIn.
Zhenke Liu,unknown,Stephen Bach,https://cs.brown.edu/people/sbach/,confirmed,listed under 'Master's and Undergrad Students' (level not split),unclear,https://cs.brown.edu/people/sbach/,,2026-09-30,"Only on Bach page, which is stale (lists departed students); no other source found."
David Ning,unknown,Stephen Bach,https://cs.brown.edu/people/sbach/,confirmed,listed under 'Master's and Undergrad Students' (level not split),unclear,https://cs.brown.edu/people/sbach/,,2026-09-30,"Only on Bach page, which is stale; no other source found; possibly Zhenglin Ning in CS directory."
Alper Ahmetoglu,postdoc,George Konidaris,http://irl.cs.brown.edu/people.php,confirmed,,current,https://cs.brown.edu/people/faculty/aahmetog/,http://irl.cs.brown.edu/people.php,2026-09-30,Postdoc in Brown CS faculty directory; own site says postdoc at IRL with Konidaris.
Shivam Vats,postdoc,George Konidaris,http://irl.cs.brown.edu/people.php,confirmed,"coauthorship with Stefanie Tellex also (2 papers, 0 first-with-fac-last); not confirmed as co-advisor",current,http://shivamvats.com/,https://cs.brown.edu/people/faculty/svats2/,2026-09-30,Own site: postdoc at Brown with Konidaris (news to May 2026); Tellex co-advising unconfirmed.
Tuluhan Akbulut,phd,George Konidaris,http://irl.cs.brown.edu/people.php,confirmed,,current,https://cs.brown.edu/people/grad/,http://irl.cs.brown.edu/people.php,2026-09-30,In Brown CS doctoral directory; not on 2026 PhD theses list.
Anita de Mello Koch,phd,George Konidaris,http://irl.cs.brown.edu/people.php,confirmed,,current,https://cs.brown.edu/people/grad/,http://irl.cs.brown.edu/people.php,2026-09-30,In Brown CS doctoral directory; IRL page
Trey Fawcett,phd,George Konidaris,http://irl.cs.brown.edu/people.php,confirmed,,current,https://cs.brown.edu/people/grad/,http://irl.cs.brown.edu/people.php,2026-09-30,In Brown CS doctoral directory; advised by Konidaris.
Anna Hakhverdyan,phd,George Konidaris,http://irl.cs.brown.edu/people.php,confirmed,,current,https://cs.brown.edu/people/grad/,https://anna-ssi.github.io/,2026-09-30,In Brown CS doctoral directory; homepage says PhD student advised by Konidaris.
Dan Haramati,phd,George Konidaris,http://irl.cs.brown.edu/people.php,confirmed,,current,https://cs.brown.edu/people/grad/,https://danhrmti.github.io/,2026-09-30,In Brown CS doctoral directory; homepage says PhD student advised by Konidaris.
Aaron Kirtland,phd,George Konidaris,http://irl.cs.brown.edu/people.php,confirmed,,current,https://cs.brown.edu/people/grad/,http://irl.cs.brown.edu/people.php,2026-09-30,In Brown CS doctoral directory; NSF fellow on IRL page.
Sergio Orozco,phd,George Konidaris,http://irl.cs.brown.edu/people.php,confirmed,,current,https://cs.brown.edu/people/grad/,http://irl.cs.brown.edu/people.php,2026-09-30,In Brown CS doctoral directory; his site mentions Tellex too (not adopted).
Shane Parr,phd,George Konidaris,http://irl.cs.brown.edu/people.php,confirmed,,current,https://cs.brown.edu/people/grad/,https://sparr.io/,2026-09-30,In Brown CS doctoral directory; IRL page
Benjamin Spiegel,phd,George Konidaris,http://irl.cs.brown.edu/people.php,confirmed,,current,https://cs.brown.edu/people/grad/,https://benjaminaspiegel.com/,2026-09-30,"In doctoral directory; thesis proposal March 2026, final-year, not yet on 2026 theses list."
David Tao,phd,George Konidaris,http://irl.cs.brown.edu/people.php,confirmed,,current,https://taodav.cc/,https://cs.brown.edu/people/grad/,2026-09-30,Own site: PhD candidate advised by Konidaris (papers Aug 2026)
Skye Thompson,phd,George Konidaris,http://irl.cs.brown.edu/people.php,confirmed,also listed on CNTR page as PhD candidate,current,https://cntr.brown.edu/people/skye-thompson,http://irl.cs.brown.edu/people.php,2026-09-30,"CNTR page: PhD candidate, TA Summer School 2026"
Ziyi Yang,phd,Stefanie Tellex;George Konidaris,https://h2r.cs.brown.edu/people/,confirmed,listed on both H2R and IRL pages,current,https://cs.brown.edu/people/grad/,https://yzylmc.github.io/,2026-09-30,"In doctoral directory; thesis proposal passed, committee Tellex, Konidaris."
Benned Hedegaard,phd,Stefanie Tellex;George Konidaris,https://h2r.cs.brown.edu/people/,confirmed,listed on both H2R and IRL pages,current,https://cs.brown.edu/people/grad/,https://benned-h.github.io/,2026-09-30,In doctoral directory; advised by Tellex and Konidaris per homepage.
Lakshita Dodeja,phd,Stefanie Tellex;George Konidaris,https://h2r.cs.brown.edu/people/,confirmed,,current,https://cs.brown.edu/people/grad/,https://lakshitadodeja.github.io/website/,2026-09-30,In doctoral directory; homepage says advised by Tellex and Konidaris.
Ivy He,phd,Stefanie Tellex,https://h2r.cs.brown.edu/people/,confirmed,,current,https://cs.brown.edu/people/grad/,https://h2r.cs.brown.edu/people/,2026-09-30,In Brown CS doctoral directory (Robotics); H2R page
Mingxi Jia,phd,Stefanie Tellex,https://h2r.cs.brown.edu/people/,confirmed,"coauthorship with George Konidaris also (3 papers, 0 first-with-fac-last); not confirmed as co-advisor",current,https://cs.brown.edu/people/grad/,https://mingxi-jia.github.io/,2026-09-30,In doctoral directory; homepage says PhD student advised by Tellex.
Gary Lvov,phd,Stefanie Tellex,https://h2r.cs.brown.edu/people/,confirmed,,current,https://cs.brown.edu/people/grad/,https://garylvov.com/,2026-09-30,In doctoral directory; homepage says advised by Tellex.
Jose Toribio,undergrad,Stefanie Tellex,https://h2r.cs.brown.edu/people/,confirmed,,unclear,https://h2r.cs.brown.edu/people/,,2026-09-30,Only on H2R page (which has stale entries); not in Brown CS undergrad directory.
Selena Williams,undergrad,Stefanie Tellex,https://h2r.cs.brown.edu/people/,confirmed,,current,https://cntr.brown.edu/people/selena-williams,https://h2r.cs.brown.edu/people/,2026-09-30,CNTR page lists undergrad CS student; H2R lists undergrad; not in CS ugrad directory.
Kyle Lee,undergrad,Stefanie Tellex,https://h2r.cs.brown.edu/people/,confirmed,,unclear,https://cs.brown.edu/media/filer_public/64/a4/64a47197-ff3a-4c3d-a950-566efbc22479/leekyle.pdf,https://h2r.cs.brown.edu/people/,2026-09-30,"Undergrad thesis in H2R, ScB 2024; H2R page still lists him; current status unverified."
Rahul Sajnani,phd,Srinath Sridhar,https://ivl.cs.brown.edu/people,confirmed,,current,https://cs.brown.edu/people/grad/,https://rahulsajnani.github.io/,2026-09-30,In doctoral directory; homepage says PhD candidate advised by Sridhar.
Aashish Rai,phd,Srinath Sridhar,https://ivl.cs.brown.edu/people,confirmed,,current,https://cs.brown.edu/people/grad/,https://aashishrai3799.github.io/,2026-09-30,In doctoral directory; homepage says PhD student with Sridhar.
Sudarshan Harithas,phd,Srinath Sridhar,https://ivl.cs.brown.edu/people,confirmed,,current,https://cs.brown.edu/people/grad/,https://sudarshan-s-harithas.github.io/,2026-09-30,In doctoral directory; homepage says PhD student with Sridhar.
Chaerin Min,phd,Srinath Sridhar,https://ivl.cs.brown.edu/people,confirmed,,current,https://chaerinmin.github.io/,https://cs.brown.edu/people/grad/,2026-09-30,In doctoral directory; homepage says PhD student with Sridhar.
Zekun Li,phd,Srinath Sridhar,https://ivl.cs.brown.edu/people,confirmed,,current,https://cs.brown.edu/people/grad/,https://kunkun0w0.github.io/,2026-09-30,In doctoral directory; homepage says PhD student with Sridhar since Sept 2023.
Xiaoyan Cong,phd,Srinath Sridhar,https://ivl.cs.brown.edu/people,confirmed,,current,https://cs.brown.edu/people/grad/,https://oliver-cong02.github.io/,2026-09-30,In doctoral directory; homepage says PhD student with Sridhar.
Gaurav Singh,phd,Srinath Sridhar,https://ivl.cs.brown.edu/people,confirmed,,current,https://cs.brown.edu/people/grad/,https://vanhalen42.github.io/,2026-09-30,In doctoral directory; homepage says PhD student with Sridhar.
Ipek Oztas,phd,Srinath Sridhar;James Tompkin,https://ivl.cs.brown.edu/people,confirmed,"BVC page: advisors Sridhar, Tompkin",current,https://cs.brown.edu/people/grad/,https://ivl.cs.brown.edu/people,2026-09-30,"In doctoral directory; IVL page lists 2026-present; BVC lists advisors Sridhar, Tompkin."
Tamar Kreitman,unknown,Srinath Sridhar,https://ivl.cs.brown.edu/people,confirmed,listed 'Undergraduate/Master's Students',unclear,https://ivl.cs.brown.edu/people,,2026-09-30,IVL lists 2025-present; she was EE junior in 2023 (class of 2025); not in CS directories.
Kefan Chen,phd,Srinath Sridhar,https://visual.cs.brown.edu/,confirmed,BVC people page lists advisor Sridhar; not on IVL page,current,https://arthurchen0518.github.io/,https://visual.cs.brown.edu/,2026-09-30,"Duplicate of Arthur Chen (Kefan (Arthur) Chen); BVC lists him current, advisor Sridhar."
Alice Wei,phd,Adriana Schulz;Daniel Ritchie,https://www.computationaldesign.group/team + https://visual.cs.brown.edu/,confirmed,"Schulz team page role PhD; BVC page lists advisors Schulz, Ritchie.",current,https://visual.cs.brown.edu/,https://www.computationaldesign.group/team,2026-09-30,CDG and BVC pages not yet in CS directory.
Joanna Yoo,phd,Adriana Schulz;Daniel Ritchie,https://www.computationaldesign.group/team + https://visual.cs.brown.edu/,confirmed,"Schulz team page role PhD; BVC page lists advisors Schulz, Ritchie.",current,https://visual.cs.brown.edu/,https://www.computationaldesign.group/team,2026-09-30,CDG and BVC pages not yet in CS directory.
Yuanbo Li,phd,Daniel Ritchie,https://visual.cs.brown.edu/,confirmed,BVC page (postdoc/PhD not split),current,https://cs.brown.edu/people/grad/,https://liyb2002.github.io/,2026-09-30,In doctoral directory; homepage says CS PhD student advised by Ritchie.
Ben Ahlbrand,phd,Daniel Ritchie,https://visual.cs.brown.edu/,confirmed,BVC page (postdoc/PhD not split),current,https://cs.brown.edu/people/grad/,https://visual.cs.brown.edu/,2026-09-30,"In doctoral directory; BVC lists current, advisor Ritchie."
Maxim Gumin,phd,Daniel Ritchie,https://visual.cs.brown.edu/,confirmed,BVC page (postdoc/PhD not split),current,https://cs.brown.edu/people/grad/,https://visual.cs.brown.edu/,2026-09-30,"In doctoral directory; BVC lists current, advisor Ritchie."
Joel Salzman,phd,James Tompkin,https://visual.cs.brown.edu/,confirmed,BVC page (postdoc/PhD not split).,current,https://joelsalzman.github.io/,https://cs.brown.edu/people/grad/,2026-09-30,Homepage says PhD student advised by Tompkin; in doctoral directory.
Nick Huang,phd,James Tompkin,https://visual.cs.brown.edu/,confirmed,BVC page (postdoc/PhD not split).,current,https://cs.brown.edu/people/grad/,https://visual.cs.brown.edu/,2026-09-30,"In doctoral directory; BVC lists current, advisor Tompkin."
Hojung Ashley Kwon,phd,James Tompkin,https://visual.cs.brown.edu/,confirmed,BVC page (postdoc/PhD not split).,current,https://www.linkedin.com/in/ashley-hojung-kwon/,https://cs.brown.edu/people/grad/,2026-09-30,In doctoral directory; LinkedIn PhD 2022-2027.
Mikhail Okunev,phd,James Tompkin,https://visual.cs.brown.edu/,confirmed,BVC page (postdoc/PhD not split).,current,https://mmehas.github.io/,https://cs.brown.edu/people/grad/,2026-09-30,Homepage: 5th-year PhD candidate advised by Tompkin; in doctoral directory.
Qian Zhang (BVC),phd,James Tompkin,https://visual.cs.brown.edu/,confirmed,BVC page (postdoc/PhD not split). | homonym: Crunch student vs BVC/Tompkin member presumed to be different people,current,https://qianzhanginfo.github.io/,https://visual.cs.brown.edu/,2026-09-30,"Homepage: PhD candidate with Tompkin, ECCV 2026 paper; BVC current. Not in CS directory listing."
Dan Cascaval,phd,Adriana Schulz,https://www.computationaldesign.group/team,confirmed,,unclear,https://www.computationaldesign.group/team,,2026-09-30,"Only on CDG page (2018-present, pre-dates Schulz joining Brown); not in Brown directory."
Jack Zhang,phd,Adriana Schulz,https://www.computationaldesign.group/team,confirmed,,current,https://cs.brown.edu/people/grad/,https://www.computationaldesign.group/team,2026-09-30,"Inferred: 'Zihan Zhang' in Brown doctoral directory, Schulz group papers as Zihan Jack Zhang."
Oras Phongpanangam,ms,Adriana Schulz,https://www.computationaldesign.group/team,confirmed,,current,https://cs.brown.edu/people/grad/,https://oras-p.com/,2026-09-30,In Brown CS master's directory; SGI 2026 fellow.
Jackie Aslarus,phd,Adriana Schulz,https://visual.cs.brown.edu/,confirmed,BVC page only,current,https://cs.brown.edu/people/grad/,https://visual.cs.brown.edu/,2026-09-30,In doctoral directory as Jacqueline Aslarus; BVC lists advisor Schulz.
Apoorv Khandelwal,phd,Chen Sun;Ellie Pavlick,https://chensun.me/,confirmed,Presidential Fellow; co-advised per Sun page; also on LUNAR list,current,https://cs.brown.edu/people/grad/,https://apoorvkh.com/,2026-09-30,In doctoral directory; advised by Sun and Pavlick per homepage.
Zilai Zeng,phd,Chen Sun,https://chensun.me/,confirmed,,current,https://cs.brown.edu/people/grad/,https://zilaiz.github.io/,2026-09-30,"In doctoral directory; MSc done, now PhD with Sun."
Zitian Tang,phd,Chen Sun,https://chensun.me/,confirmed,,current,https://cs.brown.edu/people/grad/,https://zitiantang.github.io/,2026-09-30,In doctoral directory; homepage says PhD candidate advised by Sun.
Hrithik Nambiar,phd,Yu Cheng;Amy Greenwald,http://cs.brown.edu/people/ycheng79/,confirmed,co-advised with Greenwald per Cheng page,current,https://cs.brown.edu/people/grad/,http://cs.brown.edu/people/ycheng79/,2026-09-30,In doctoral directory; Cheng page lists co-advised with Greenwald; also works in Serre lab.
Natanon Therdpraisan,phd,Yu Cheng,http://cs.brown.edu/people/ycheng79/,confirmed,"co-advised with Ellis Hershkowitz (Brown CS, not in roster)",current,https://cs.brown.edu/people/grad/,http://cs.brown.edu/people/ycheng79/,2026-09-30,In Brown CS doctoral directory; Cheng page lists co-advised with Hershkowitz.
Binhao Chen,phd,Yu Cheng,http://cs.brown.edu/people/ycheng79/,confirmed,,current,https://cs.brown.edu/people/grad/,http://cs.brown.edu/people/ycheng79/,2026-09-30,In Brown CS doctoral directory; Cheng page
Gabriel Chen,undergrad,Yu Cheng,http://cs.brown.edu/people/ycheng79/,confirmed,,current,https://cs.brown.edu/people/ugrad/,http://cs.brown.edu/people/ycheng79/,2026-09-30,In Brown CS undergrad directory (Gabriel Q Chen); Cheng page lists undergrad.
Alice Wang,undergrad,Yu Cheng,http://cs.brown.edu/people/ycheng79/,confirmed,,unclear,http://cs.brown.edu/people/ycheng79/,,2026-09-30,Listed under current undergrads; no class year or second source found.
Sam Musker,phd,Ellie Pavlick,https://lunar.cs.brown.edu/people.xml,confirmed,page may be stale (undated),unclear,https://www.linkedin.com/in/sam-musker-4569b283/,https://cs.brown.edu/people/grad/,2026-09-30,Self-listed Brown PhD 2020-2026; not on current CS grad roster; no graduation evidence found.
Michael Lepori,phd,Ellie Pavlick;Thomas Serre,https://lunar.cs.brown.edu/people.xml,confirmed,on LUNAR page and Serre-lab PhD list (co-advised inferred from both pages),current,https://lepori.xyz/,https://cs.brown.edu/people/grad/,2026-09-30,Own site: PhD candidate advised by Pavlick and Serre; on Brown CS grad roster; Goodfire fellow.
Alex Fengler,postdoc,Michael J. Frank,https://www.lnccbrown.com/members/,confirmed,,current,https://www.lnccbrown.com/members/,,2026-09-30,Listed under current postdocs on maintained LNCC page; no second source.
Ivan Grahek,postdoc,Michael J. Frank,https://www.lnccbrown.com/members/,confirmed,,unclear,https://www.lnccbrown.com/members/,https://vivo.brown.edu/display/igrahek,2026-09-30,LNCC lists him; his Brown postdoc started 2020 in Shenhav lab; current advisor unconfirmed.
Jake Russin,postdoc,Michael J. Frank;Ellie Pavlick,https://www.lnccbrown.com/members/,confirmed,"""postdoc at Brown co-advised by Michael Frank and Ellie Pavlick"" (LNCC page); candidate ""Jacob Russin""",current,https://www.lnccbrown.com/members/,https://jlrussin.github.io/,2026-09-30,LNCC 2025 joint papers.
Krishn Bera,phd,Michael J. Frank,https://www.lnccbrown.com/members/,confirmed,,current,https://www.lnccbrown.com/members/,https://copsy.brown.edu/people/graduate-students,2026-09-30,Doctoral candidate on LNCC page and CLPS graduate student list.
Joonhwa Kim,phd,Michael J. Frank;Matthew Nassar,https://www.lnccbrown.com/members/,confirmed,,current,https://www.lnccbrown.com/members/,https://sites.brown.edu/mattlab/members/,2026-09-30,Neuroscience PhD candidate; co-advised by Nassar and Frank since 2024 per search result.
Aalok Sathe,phd,Michael J. Frank;Ellie Pavlick,https://www.lnccbrown.com/members/,confirmed,"""Co-Mentored by Ellie Pavlick"" (LNCC page); not on LUNAR page",current,https://www.lnccbrown.com/members/,https://cs.brown.edu/people/grad/,2026-09-30,Doctoral candidate on LNCC page and Brown CS grad roster; co-mentored by Pavlick.
Alekh Ashok,phd,Thomas Serre,https://serre.lab.brown.edu/people,confirmed,"roster is in JS bundle of the SPA (client-rendered); Ashok/Nagaraj/Zhou also co-author with Drew Linsley; Peisen Zhou was previously in Sridhar IVL 2022-2023 | coauthorship with Drew Linsley also (3 papers, 0 first-with-fac-last); not confirmed as co-advisor",current,https://serre.lab.brown.edu/,https://copsy.brown.edu/people/graduate-students,2026-09-30,On Serre page and CLPS list; openreview lists PhD 2021-2026 (expected end); no defense evidence found.
Akash Nagaraj,phd,Thomas Serre,https://serre.lab.brown.edu/people,confirmed,"roster is in JS bundle of the SPA (client-rendered); Ashok/Nagaraj/Zhou also co-author with Drew Linsley; Peisen Zhou was previously in Sridhar IVL 2022-2023 | coauthorship with Drew Linsley also (2 papers, 0 first-with-fac-last); not confirmed as co-advisor",unclear,https://serre.lab.brown.edu/,https://www.akashnagaraj.me/,2026-09-30,Serre page says PhD; own site says Research Scholar at Carney since 2021; not on CS grad roster.
Sixuan Chen,phd,Thomas Serre,https://serre.lab.brown.edu/people,confirmed,roster is in JS bundle of the SPA (client-rendered); Ashok/Nagaraj/Zhou also co-author with Drew Linsley; Peisen Zhou was previously in Sridhar IVL 2022-2023,current,https://serre.lab.brown.edu/,https://copsy.brown.edu/people/graduate-students,2026-09-30,On current Serre page (updated 2026) and CLPS graduate student list.
Yu-Ang Cheng,phd,Thomas Serre;Takeo Watanabe,https://serre.lab.brown.edu/people,confirmed,roster is in JS bundle of the SPA (client-rendered); Ashok/Nagaraj/Zhou also co-author with Drew Linsley; Peisen Zhou was previously in Sridhar IVL 2022-2023,current,https://serre.lab.brown.edu/,https://serre-lab.clps.brown.edu/person/yu-ang-cheng/,2026-09-30,CLPS cognitive science PhD; advisors Serre and Watanabe 2022-2028 per search result.
Peisen Zhou,phd,Thomas Serre,https://serre.lab.brown.edu/people,confirmed,"roster is in JS bundle of the SPA (client-rendered); Ashok/Nagaraj/Zhou also co-author with Drew Linsley; Peisen Zhou was previously in Sridhar IVL 2022-2023 | coauthorship with Drew Linsley also (2 papers, 0 first-with-fac-last); not confirmed as co-advisor",current,https://serre.lab.brown.edu/,https://copsy.brown.edu/people/graduate-students,2026-09-30,On Serre page and CLPS grad list; Google Scholar says Research Associate (possibly stale).
Tekin Gunasar,ms,Thomas Serre,https://serre.lab.brown.edu/people,confirmed,,current,https://serre.lab.brown.edu/,,2026-09-30,Listed as MSc on current Serre page; not on CS grad roster; UCSD coauthor in 2025.
Athulith Paraselli,ms,Thomas Serre;Ellie Pavlick,https://serre.lab.brown.edu/people,confirmed,,current,https://cs.brown.edu/people/grad/,https://arxiv.org/html/2609.00293,2026-09-30,"On CS master's roster; Aug 2026 arXiv paper with Pavlick, Brown affiliation; Serre page lists him."
Chealyfey (Lyfey) Vutha,ms,George Konidaris;Daniel Ritchie;Thomas Serre,https://serre.lab.brown.edu/people,confirmed,,current,https://lyfeyvutha.com/,https://cs.brown.edu/people/grad/,2026-09-30,Final-year MS (expected Spring 2027); visiting Kempner Institute; Serre page lists him.
Christopher José Cueva,postdoc,Thomas Serre,https://serre.lab.brown.edu/people,confirmed,,current,https://serre.lab.brown.edu/,,2026-09-30,Listed as postdoc on current Serre page; Brown postdoc since 2024 per search result.
Qianying Cao,postdoc,George Karniadakis,https://sites.brown.edu/crunch-group/postdocs-students-and-visiting-scholars/,confirmed,Crunch page: Postdoctoral Research Associates,unclear,https://sites.brown.edu/crunch-group/postdocs-students-and-visiting-scholars/,,2026-09-30,"Listed as Postdoctoral Research Associate; page undated, no external check possible."
Zhaojie Chai,postdoc,George Karniadakis,https://sites.brown.edu/crunch-group/postdocs-students-and-visiting-scholars/,confirmed,Crunch page: Postdoctoral Research Associates,unclear,https://sites.brown.edu/crunch-group/postdocs-students-and-visiting-scholars/,,2026-09-30,"Listed as Postdoctoral Research Associate; page undated, no external check possible."
Youngkyu Lee,postdoc,George Karniadakis,https://sites.brown.edu/crunch-group/postdocs-students-and-visiting-scholars/,confirmed,Crunch page: Postdoctoral Research Associates,unclear,https://sites.brown.edu/crunch-group/postdocs-students-and-visiting-scholars/,,2026-09-30,"Listed as Postdoctoral Research Associate; page undated, no external check possible."
Aniruddha Bora,postdoc,George Karniadakis,https://sites.brown.edu/crunch-group/postdocs-students-and-visiting-scholars/,confirmed,"Crunch page: Postdoctoral Research Associates | coauthorship with Khemraj Shukla also (3 papers, 0 first-with-fac-last); not confirmed as co-advisor",unclear,https://sites.brown.edu/crunch-group/postdocs-students-and-visiting-scholars/,,2026-09-30,"Listed as Postdoctoral Research Associate; page undated, no external check possible."
Guansheng Li,postdoc,George Karniadakis,https://sites.brown.edu/crunch-group/postdocs-students-and-visiting-scholars/,confirmed,Crunch page: Postdoctoral Research Associates,unclear,https://sites.brown.edu/crunch-group/postdocs-students-and-visiting-scholars/,,2026-09-30,"Listed as Postdoctoral Research Associate; page undated, no external check possible."
Elham Kianiharchegani,postdoc,George Karniadakis,https://sites.brown.edu/crunch-group/postdocs-students-and-visiting-scholars/,confirmed,"Crunch page: Postdoctoral Research Associates | coauthorship with Khemraj Shukla also (3 papers, 0 first-with-fac-last); not confirmed as co-advisor",unclear,https://sites.brown.edu/crunch-group/postdocs-students-and-visiting-scholars/,,2026-09-30,"Listed as Postdoctoral Research Associate; page undated, no external check possible."
Kamaljyoti Nath,postdoc,George Karniadakis,https://sites.brown.edu/crunch-group/postdocs-students-and-visiting-scholars/,confirmed,Crunch page: Postdoctoral Research Associates,unclear,https://sites.brown.edu/crunch-group/postdocs-students-and-visiting-scholars/,,2026-09-30,"Listed as Postdoctoral Research Associate; page undated, no external check possible."
Zhen Zhang,postdoc,George Karniadakis,https://sites.brown.edu/crunch-group/postdocs-students-and-visiting-scholars/,confirmed,Crunch page: Postdoctoral Research Associates,unclear,https://sites.brown.edu/crunch-group/postdocs-students-and-visiting-scholars/,,2026-09-30,"Listed as Postdoctoral Research Associate; page undated, no external check possible."
Shanqing Liu,postdoc,George Karniadakis,https://sites.brown.edu/crunch-group/postdocs-students-and-visiting-scholars/,confirmed,Crunch page: Postdoctoral Research Associates,unclear,https://sites.brown.edu/crunch-group/postdocs-students-and-visiting-scholars/,,2026-09-30,"Listed as Postdoctoral Research Associate; page undated, no external check possible."
Siavash Khodakarami,postdoc,George Karniadakis,https://sites.brown.edu/crunch-group/postdocs-students-and-visiting-scholars/,confirmed,Crunch page: Postdoctoral Research Associates,unclear,https://sites.brown.edu/crunch-group/postdocs-students-and-visiting-scholars/,,2026-09-30,"Listed as Postdoctoral Research Associate; page undated, no external check possible."
Alan John Varghese,unknown,George Karniadakis,https://sites.brown.edu/crunch-group/postdocs-students-and-visiting-scholars/,confirmed,Crunch page heading 'Students' (level not stated). Advisor = group PI; page lists no per-student advisor,unclear,https://sites.brown.edu/crunch-group/postdocs-students-and-visiting-scholars/,,2026-09-30,"Listed under Students (level unstated); page undated, no external check possible."
Dorothee Thiemann,unknown,George Karniadakis,https://sites.brown.edu/crunch-group/postdocs-students-and-visiting-scholars/,confirmed,Crunch page heading 'Students' (level not stated). Advisor = group PI; page lists no per-student advisor,unclear,https://sites.brown.edu/crunch-group/postdocs-students-and-visiting-scholars/,,2026-09-30,"Listed under Students (level unstated); page undated, no external check possible."
Zhibo Wang,unknown,George Karniadakis,https://sites.brown.edu/crunch-group/postdocs-students-and-visiting-scholars/,confirmed,Crunch page heading 'Students' (level not stated). Advisor = group PI; page lists no per-student advisor,unclear,https://sites.brown.edu/crunch-group/postdocs-students-and-visiting-scholars/,,2026-09-30,"Listed under Students (level unstated); page undated, no external check possible."
Qile Jiang,unknown,George Karniadakis,https://sites.brown.edu/crunch-group/postdocs-students-and-visiting-scholars/,confirmed,Crunch page heading 'Students' (level not stated). Advisor = group PI; page lists no per-student advisor,unclear,https://sites.brown.edu/crunch-group/postdocs-students-and-visiting-scholars/,,2026-09-30,"Listed under Students (level unstated); page undated, no external check possible."
Leonard Gleyzer,unknown,George Karniadakis,https://sites.brown.edu/crunch-group/postdocs-students-and-visiting-scholars/,confirmed,Crunch page heading 'Students' (level not stated). Advisor = group PI; page lists no per-student advisor,unclear,https://sites.brown.edu/crunch-group/postdocs-students-and-visiting-scholars/,,2026-09-30,"Listed under Students (level unstated); page undated, no external check possible."
Zongren Zou,unknown,George Karniadakis,https://sites.brown.edu/crunch-group/postdocs-students-and-visiting-scholars/,confirmed,"Crunch page heading 'Students' (level not stated). Advisor = group PI; page lists no per-student advisor | coauthorship with Khemraj Shukla also (2 papers, 0 first-with-fac-last); not confirmed as co-advisor",unclear,https://sites.brown.edu/crunch-group/postdocs-students-and-visiting-scholars/,,2026-09-30,"Listed under Students (level unstated); page undated, no external check possible."
Ruyin Wan,unknown,George Karniadakis,https://sites.brown.edu/crunch-group/postdocs-students-and-visiting-scholars/,confirmed,Crunch page heading 'Students' (level not stated). Advisor = group PI; page lists no per-student advisor,unclear,https://sites.brown.edu/crunch-group/postdocs-students-and-visiting-scholars/,,2026-09-30,"Listed under Students (level unstated); page undated, no external check possible."
Zhiwei Gao,unknown,George Karniadakis,https://sites.brown.edu/crunch-group/postdocs-students-and-visiting-scholars/,confirmed,Crunch page heading 'Students' (level not stated). Advisor = group PI; page lists no per-student advisor,unclear,https://sites.brown.edu/crunch-group/postdocs-students-and-visiting-scholars/,,2026-09-30,"Listed under Students (level unstated); page undated, no external check possible."
Vivek Oommen,unknown,George Karniadakis,https://sites.brown.edu/crunch-group/postdocs-students-and-visiting-scholars/,confirmed,Crunch page heading 'Students' (level not stated). Advisor = group PI; page lists no per-student advisor,unclear,https://sites.brown.edu/crunch-group/postdocs-students-and-visiting-scholars/,,2026-09-30,"Listed under Students (level unstated); page undated, no external check possible."
Varun Kumar,unknown,George Karniadakis,https://sites.brown.edu/crunch-group/postdocs-students-and-visiting-scholars/,confirmed,Crunch page heading 'Students' (level not stated). Advisor = group PI; page lists no per-student advisor,unclear,https://sites.brown.edu/crunch-group/postdocs-students-and-visiting-scholars/,,2026-09-30,"Listed under Students (level unstated); page undated, no external check possible."
Nazanin Ahmadi Daryakenari,unknown,George Karniadakis,https://sites.brown.edu/crunch-group/postdocs-students-and-visiting-scholars/,confirmed,"Crunch page heading 'Students' (level not stated). Advisor = group PI; page lists no per-student advisor | coauthorship with Khemraj Shukla also (2 papers, 0 first-with-fac-last); not confirmed as co-advisor",unclear,https://sites.brown.edu/crunch-group/postdocs-students-and-visiting-scholars/,,2026-09-30,"Listed under Students (level unstated); page undated, no external check possible."
Additi Pandey,unknown,George Karniadakis,https://sites.brown.edu/crunch-group/postdocs-students-and-visiting-scholars/,confirmed,Crunch page heading 'Students' (level not stated). Advisor = group PI; page lists no per-student advisor,unclear,https://sites.brown.edu/crunch-group/postdocs-students-and-visiting-scholars/,,2026-09-30,"Listed under Students (level unstated); page undated, no external check possible."
Juan Diego Toscano,unknown,George Karniadakis,https://sites.brown.edu/crunch-group/postdocs-students-and-visiting-scholars/,confirmed,"Crunch page heading 'Students' (level not stated). Advisor = group PI; page lists no per-student advisor | coauthorship with Khemraj Shukla also (2 papers, 0 first-with-fac-last); not confirmed as co-advisor",unclear,https://sites.brown.edu/crunch-group/postdocs-students-and-visiting-scholars/,,2026-09-30,"Listed under Students (level unstated); page undated, no external check possible."
Chenxi Wu,unknown,George Karniadakis,https://sites.brown.edu/crunch-group/postdocs-students-and-visiting-scholars/,confirmed,Crunch page heading 'Students' (level not stated). Advisor = group PI; page lists no per-student advisor,unclear,https://sites.brown.edu/crunch-group/postdocs-students-and-visiting-scholars/,,2026-09-30,"Listed under Students (level unstated); page undated, no external check possible."
Qian Zhang (Crunch),unknown,George Karniadakis,https://sites.brown.edu/crunch-group/postdocs-students-and-visiting-scholars/,confirmed,Crunch page heading 'Students' (level not stated). Advisor = group PI; page lists no per-student advisor | homonym: Crunch student vs BVC/Tompkin member presumed to be different people,unclear,https://sites.brown.edu/crunch-group/postdocs-students-and-visiting-scholars/,,2026-09-30,"Listed under Students (level unstated); page undated, no external check possible."
Ahmad Peyvan,visiting,George Karniadakis,https://sites.brown.edu/crunch-group/postdocs-students-and-visiting-scholars/,confirmed,listed as visiting research fellow/visiting professor/visiting scholar (not students),unclear,https://sites.brown.edu/crunch-group/postdocs-students-and-visiting-scholars/,,2026-09-30,"Page lists him Assistant Professor, not student/postdoc; no independent check done."
Zhicheng Wang,visiting,George Karniadakis,https://sites.brown.edu/crunch-group/postdocs-students-and-visiting-scholars/,confirmed,listed as visiting research fellow/visiting professor/visiting scholar (not students),unclear,https://sites.brown.edu/crunch-group/postdocs-students-and-visiting-scholars/,,2026-09-30,"Page lists Visiting Associate Professor, not student/postdoc; no independent check done."
Adar Kahana,visiting,George Karniadakis,https://sites.brown.edu/crunch-group/postdocs-students-and-visiting-scholars/,confirmed,listed as visiting research fellow/visiting professor/visiting scholar (not students),unclear,https://sites.brown.edu/crunch-group/postdocs-students-and-visiting-scholars/,,2026-09-30,"Page lists Visiting Scholar, not student/postdoc; no independent check done."
Ehsan Kharazmi,visiting,George Karniadakis,https://sites.brown.edu/crunch-group/postdocs-students-and-visiting-scholars/,confirmed,listed as visiting research fellow/visiting professor/visiting scholar (not students),unclear,https://sites.brown.edu/crunch-group/postdocs-students-and-visiting-scholars/,,2026-09-30,"Page lists Visiting Scholar, not student/postdoc; no independent check done."
Anushka Narayanan,phd,Karianne Bergen,https://sites.brown.edu/bergen-lab/people/,confirmed,,current,https://deeps.brown.edu/people/anushka-narayanan,https://sites.brown.edu/bergen-lab/people/,2026-09-30,"EEPS PhD student since Fall 2023, advised by Bergen; listed on both pages."
Maria Luísa Rocha,phd,Amanda Lynch,https://sites.brown.edu/bergen-lab/people/,confirmed,page names advisor Amanda Lynch (not in roster); listed in SciML group,current,https://deeps.brown.edu/people/maria-luisa-rocha,https://sites.brown.edu/bergen-lab/people/,2026-09-30,"EEPS PhD, advisor Amanda Lynch, degree expected 2027; not Bergen-advised."
"Zhouyang ""Hanson"" Lu",phd,Leo Kozachkov,https://kozleo.github.io/,confirmed,,current,https://engineering.brown.edu/people/zhouyang-lu,https://kozleo.github.io/,2026-09-30,ECE PhD student advised by Kozachkov on Brown Engineering page and lab site.
Emmie Fitz-Gibbon,undergrad,Leo Kozachkov,https://kozleo.github.io/,confirmed,,current,https://www.emmiefitzgibbon.com/,https://kozleo.github.io/,2026-09-30,"Own site: Brown|RISD dual degree, class of 2027; listed on lab page."
Gabby Litterio,phd,Pedro Felzenszwalb,https://cs.brown.edu/people/pfelzens/students.html,confirmed,,unclear,https://cs.brown.edu/people/pfelzens/students.html,,2026-09-30,Listed as current PhD student; absent from CS grad roster and APMA list.
Sybille Légitime,phd,Harini Suresh,https://discolab.cs.brown.edu/,confirmed,also CNTR grad students,current,https://discolab.cs.brown.edu/,https://cs.brown.edu/people/grad/,2026-09-30,"PhD on DISCO lab page, CNTR people page, and CS grad roster."
Yujia Gao,phd,Harini Suresh,https://discolab.cs.brown.edu/,confirmed,also CNTR grad students,current,https://discolab.cs.brown.edu/,https://cs.brown.edu/people/grad/,2026-09-30,"PhD on DISCO lab page, CNTR people page, and CS grad roster."
Michelle Ding,phd,Harini Suresh,https://discolab.cs.brown.edu/,confirmed,also CNTR grad students,current,https://discolab.cs.brown.edu/,https://cs.brown.edu/people/grad/,2026-09-30,"PhD on DISCO lab page, CNTR people page, and CS grad roster."
Maya De Los Santos,phd,Harini Suresh,https://discolab.cs.brown.edu/,confirmed,also CNTR grad students,current,https://discolab.cs.brown.edu/,https://cntr.brown.edu/people,2026-09-30,PhD on DISCO and CNTR pages; not on CS grad roster list.
Danielle Whisnant,ms,Harini Suresh,https://discolab.cs.brown.edu/,confirmed,,unclear,https://discolab.cs.brown.edu/,,2026-09-30,Masters researcher on DISCO page only; not found elsewhere.
Ilana Nguyen,undergrad,Harini Suresh,https://discolab.cs.brown.edu/,confirmed,,unclear,https://discolab.cs.brown.edu/,,2026-09-30,Undergrad researcher on DISCO page only; no class year found.
Ran Zhao,undergrad,Harini Suresh,https://discolab.cs.brown.edu/,confirmed,,unclear,https://discolab.cs.brown.edu/,,2026-09-30,Undergrad researcher on DISCO page only; no class year found.
Julian Stamp,phd,Lorin Crawford,"https://ccmb.brown.edu/people/lorin-crawford (CCMB news: PhD student, member of the Crawford Lab, 2023) + coauthorship",confirmed,news item dated 2023; Crawford now at Microsoft Research and lab site inactive; current status unknown,unclear,https://ccmb.brown.edu/people/lorin-crawford,https://api.semanticscholar.org/graph/v1/author/2193185631/papers,2026-09-30,2023 news only; Crawford now at Microsoft Research; not on APMA list; papers through 2026.
